[
  {
    "shortDescription" : "Image Super-Resolution for Anime-Style Art",
    "metadataOutputVersion" : "3.0",
    "outputSchema" : [
      {
        "height" : "284",
        "colorspace" : "RGB",
        "isOptional" : "0",
        "width" : "284",
        "isColor" : "1",
        "formattedType" : "Image (Color 284 × 284)",
        "hasSizeFlexibility" : "0",
        "type" : "Image",
        "shortDescription" : "Image output",
        "name" : "image_output"
      }
    ],
    "version" : "",
    "modelParameters" : [

    ],
    "author" : "Original paper: Chao Dong, Chen Change Loy, Kaiming He, Xiaoou Tang. Caffe implementation: lltcggie",
    "specificationVersion" : 1,
    "license" : "MIT",
    "isUpdatable" : "0",
    "availability" : {
      "macOS" : "10.13",
      "tvOS" : "11.0",
      "watchOS" : "4.0",
      "iOS" : "11.0",
      "macCatalyst" : "11.0"
    },
    "modelType" : {
      "name" : "MLModelType_neuralNetwork"
    },
    "inputSchema" : [
      {
        "height" : "156",
        "colorspace" : "RGB",
        "isOptional" : "0",
        "width" : "156",
        "isColor" : "1",
        "formattedType" : "Image (Color 156 × 156)",
        "hasSizeFlexibility" : "0",
        "type" : "Image",
        "shortDescription" : "",
        "name" : "input"
      }
    ],
    "userDefinedMetadata" : {
      "coremltoolsVersion" : "3.3"
    },
    "generatedClassName" : "PhotoAndAnimeScale2x",
    "neuralNetworkLayerTypeHistogram" : {
      "ActivationLeakyReLU" : 6,
      "ActivationLinear" : 1,
      "Convolution" : 6,
      "Deconvolution" : 1
    },
    "method" : "predict"
  }
]